Position,Season,Tm,Team,Age,W,L,W/L%,PW,PL,MOV,SOS,SRS,ORtg,DRtg,NRtg,Pace,FTr,3PAr,TS%,eFG%,TOV%,ORB%,FT/FGA,eFG%,TOV%,DRB%,FT/FGA
1,1997-98,HOC,Houston Comets,28.8,18,10,0.6429,22,6,6.32,-0.79,5.53,99.4,90.7,8.7,71.6,0.357,0.292,0.523,0.473,20.4,36.2,0.266,0.444,22.3,64.7,0.236
0,1997-98,PHM,Phoenix Mercury,27.9,16,12,0.5714,20,8,4,-0.48,3.38,91.4,86.1,5.3,74.7,0.359,0.247,0.473,0.411,18.8,33.2,0.274,0.441,24.2,68.5,0.245
0,1997-98,NYL,New York Liberty,27.5,17,11,0.6071,17,11,2.39,-0.32,2.22,90.6,87.4,3.2,74.3,0.354,0.198,0.482,0.439,21.3,34.6,0.236,0.422,22.7,64.7,0.246
0,1997-98,LAS,Los Angeles Sparks,25.5,14,14,0.5000,17,11,2.21,-0.23,1.63,93.9,91.1,2.8,77.1,0.348,0.136,0.504,0.464,20.4,32.7,0.235,0.423,19.4,67.9,0.263
0,1997-98,CLR,Cleveland Rockers,28.1,15,13,0.5357,16,12,1.79,-0.22,1.56,94.4,92,2.4,73.3,0.382,0.108,0.515,0.464,21.6,32.2,0.276,0.449,20.2,67.1,0.219
0,1997-98,CHS,Charlotte Sting,27,15,13,0.5357,16,12,1.29,-0.16,1.13,92.9,91.1,1.8,72.5,0.295,0.194,0.505,0.469,21,31.8,0.204,0.436,19.4,68.8,0.21
0,1997-98,SAM,Sacramento Monarchs,27.7,10,18,0.3571,5,23,-7.5,0.89,-6.25,90.4,100.4,-10,74.5,0.309,0.199,0.483,0.436,22.2,36.7,0.227,0.477,20.1,61.9,0.262
0,1997-98,UTS,Utah Starzz,24.9,7,21,0.2500,3,25,-10.5,1.31,-9.19,85.4,99.2,-13.8,75,0.296,0.196,0.449,0.404,20.5,33.3,0.208,0.461,18.1,65.1,0.241
1,1998-99,HOC,Houston Comets,29,27,3,0.9000,28,2,12.57,-1.29,11.41,105.7,88.2,17.5,71.2,0.354,0.287,0.542,0.484,17.1,32,0.284,0.435,21.8,66,0.189
0,1998-99,PHM,Phoenix Mercury,27.5,19,11,0.6333,23,7,6.4,-0.63,5.77,99.4,90.8,8.6,73.4,0.382,0.218,0.511,0.459,18.2,33.7,0.276,0.456,22.4,67.3,0.247
0,1998-99,NYL,New York Liberty,28.3,18,12,0.6000,20,10,3.07,-0.39,2.68,95.2,90.9,4.3,71.5,0.353,0.158,0.499,0.451,19.6,34,0.252,0.449,21.5,69.6,0.263
0,1998-99,CHS,Charlotte Sting,26.3,18,12,0.6000,19,11,3.07,-0.73,2.34,96.7,92.6,4.1,73.8,0.336,0.203,0.503,0.458,17.7,31.4,0.238,0.445,19.2,68.9,0.201
0,1998-99,CLR,Cleveland Rockers,28,20,10,0.6667,19,11,2.9,-0.51,2.26,98.1,94.2,3.9,73.7,0.367,0.162,0.55,0.499,20.9,27.6,0.281,0.458,20.6,66.5,0.234
0,1998-99,DSH,Detroit Shock,28,17,13,0.5667,15,15,0.3,-0.57,-0.27,93.9,93.5,0.4,74.1,0.34,0.16,0.484,0.437,18.5,34.1,0.239,0.441,17.3,72.2,0.23
0,1998-99,LAS,Los Angeles Sparks,26.7,12,18,0.4000,14,16,-0.7,0.21,-0.49,94.9,95.8,-0.9,75.2,0.318,0.175,0.492,0.445,19,33.7,0.231,0.442,17.9,67,0.258
0,1998-99,SAM,Sacramento Monarchs,25.1,8,22,0.2667,7,23,-5.53,1.25,-4.29,88.4,96,-7.6,72,0.311,0.154,0.468,0.427,20.6,33.5,0.209,0.449,19.6,66.8,0.291
0,1998-99,UTS,Utah Starzz,25.3,8,22,0.2667,7,23,-6.7,0.9,-5.8,92.1,100.9,-8.8,75.2,0.331,0.188,0.497,0.454,20.5,30.6,0.232,0.463,16.4,67.5,0.255
0,1998-99,WAM,Washington Mystics,25,3,27,0.1000,1,29,-15.37,1.74,-13.63,84.1,104,-19.9,77.1,0.34,0.237,0.467,0.427,23,31.3,0.22,0.498,18.8,65,0.295
1,1999-00,HOC,Houston Comets,29.7,26,6,0.8125,28,4,9.28,-0.15,9.13,105.8,92.5,13.3,69.7,0.325,0.286,0.541,0.486,17.1,32.8,0.266,0.422,18.2,66.1,0.214
0,1999-00,SAM,Sacramento Monarchs,26.3,19,13,0.5938,22,10,4.19,0.42,4.6,99.9,94.3,5.6,74.8,0.422,0.21,0.503,0.455,17.6,38.3,0.283,0.459,20.3,69.3,0.222
0,1999-00,LAS,Los Angeles Sparks,24.7,20,12,0.6250,22,10,4.09,0.43,4.52,102.7,97.2,5.5,73.7,0.331,0.233,0.523,0.475,17.1,32.9,0.248,0.447,17.6,68.4,0.268
0,1999-00,NYL,New York Liberty,29.2,18,14,0.5625,20,12,2.5,-1.16,1.34,97.1,93.6,3.5,68.4,0.276,0.247,0.505,0.464,18.3,31.9,0.206,0.443,21.2,67.6,0.309
0,1999-00,PHM,Phoenix Mercury,29.2,15,17,0.4688,16,16,-0.16,0.9,0.74,97.2,97.5,-0.3,70,0.364,0.239,0.491,0.434,17.2,33.6,0.272,0.447,17.9,66.4,0.249
0,1999-00,ORM,Orlando Miracle,25.8,15,17,0.4688,15,17,-0.31,-0.85,-1.16,97.1,97.5,-0.4,70.4,0.36,0.247,0.51,0.466,19.4,33.1,0.249,0.472,19.8,65.2,0.228
0,1999-00,CHS,Charlotte Sting,28.2,15,17,0.4688,14,18,-1.19,-0.75,-1.94,96.6,98.3,-1.7,67.8,0.296,0.204,0.516,0.469,18.7,30,0.227,0.459,17,68.3,0.197
0,1999-00,DSH,Detroit Shock,27.1,15,17,0.4688,13,19,-2,-0.66,-2.66,93.9,96.6,-2.7,73.3,0.387,0.17,0.485,0.432,17.3,29.4,0.272,0.467,19.3,69.7,0.278
0,1999-00,MLY,Minnesota Lynx,27.1,15,17,0.4688,12,20,-2.38,1.15,-1.23,93.7,97.2,-3.5,67.1,0.244,0.313,0.477,0.441,17,28.9,0.176,0.464,19.4,67.3,0.27
0,1999-00,UTS,Utah Starzz,28,15,17,0.4688,11,21,-3.13,1.23,-1.9,98.8,103,-4.2,73.7,0.381,0.186,0.52,0.461,19.7,34.2,0.292,0.483,17.2,69.7,0.289
0,1999-00,WAM,Washington Mystics,24.9,12,20,0.3750,9,23,-4.56,-0.38,-4.94,92.6,99,-6.4,70.1,0.378,0.192,0.502,0.451,21.5,32.9,0.269,0.447,16.1,66.1,0.236
0,1999-00,CLR,Cleveland Rockers,27.2,7,25,0.2188,7,25,-6.34,-0.18,-6.52,88.7,97.7,-9,70.9,0.294,0.167,0.481,0.437,20.7,30.1,0.213,0.46,17.8,67.3,0.224
1,2000-01,HOC,Houston Comets,29.6,27,5,0.8438,30,2,12.78,-0.04,12.74,109.4,91.3,18.1,69.9,0.335,0.259,0.569,0.516,16.8,30.8,0.275,0.438,18.2,71.4,0.191
0,2000-01,LAS,Los Angeles Sparks,24.6,28,4,0.8750,26,6,7.75,0.5,8.25,102.7,92.2,10.5,73,0.354,0.231,0.535,0.479,17.1,31.2,0.279,0.426,17.6,72.3,0.252
0,2000-01,SAM,Sacramento Monarchs,27.2,21,11,0.6563,24,8,5.22,0.59,5.81,103.6,96.2,7.4,70.7,0.326,0.23,0.514,0.475,16.7,38.1,0.225,0.46,19.5,67,0.214
0,2000-01,PHM,Phoenix Mercury,28.3,20,12,0.6250,23,9,4.41,0.86,5.33,102.8,96.3,6.5,67.9,0.367,0.219,0.536,0.481,17,30.2,0.285,0.46,20.3,65,0.23
0,2000-01,NYL,New York Liberty,28.2,20,12,0.6250,22,10,3.53,-0.8,2.73,99.1,93.9,5.2,67.5,0.312,0.218,0.52,0.474,18.7,30.8,0.236,0.439,18.7,67.1,0.24
0,2000-01,CLR,Cleveland Rockers,26,17,15,0.5313,19,13,1.97,-1.2,0.77,98.9,96.1,2.8,68,0.312,0.223,0.526,0.481,20.6,35.7,0.233,0.473,21.5,68.5,0.258
0,2000-01,UTS,Utah Starzz,27,18,14,0.5625,16,16,0.19,0.98,1.17,103.1,102.8,0.3,73.2,0.417,0.138,0.538,0.476,19.5,36.8,0.321,0.478,16.1,70,0.27
0,2000-01,MLY,Minnesota Lynx,24.2,15,17,0.4688,16,16,0.16,1.03,1.18,97.8,97.6,0.2,69.8,0.323,0.312,0.524,0.476,19.2,27.6,0.245,0.476,20.9,67.1,0.292
0,2000-01,ORM,Orlando Miracle,26.1,16,16,0.5000,15,17,-0.78,-0.95,-1.73,98.8,99.9,-1.1,68.7,0.286,0.222,0.513,0.474,18.4,32.3,0.208,0.472,18.6,63.5,0.192
0,2000-01,WAM,Washington Mystics,26.3,14,18,0.4375,14,18,-1.41,-0.36,-1.77,98.7,100.7,-2,68.9,0.319,0.185,0.526,0.489,19.7,32.9,0.222,0.49,17.7,68.4,0.204
0,2000-01,INF,Indiana Fever,24.8,9,23,0.2813,12,20,-2.41,-1.25,-3.66,98.7,102.1,-3.4,69.7,0.31,0.283,0.53,0.486,19.9,31,0.233,0.478,18,66.8,0.269
0,2000-01,DSH,Detroit Shock,25.7,14,18,0.4375,12,20,-2.97,-0.85,-3.88,97.9,101.9,-4,74.1,0.353,0.138,0.509,0.458,18.8,34.8,0.262,0.495,19.4,66.1,0.244
0,2000-01,POF,Portland Fire,25.4,10,22,0.3125,9,23,-4.63,1.13,-3.49,92.8,99.2,-6.4,71.2,0.381,0.237,0.505,0.456,21.7,32.4,0.267,0.467,19.6,67.1,0.312
0,2000-01,MIS,Miami Sol,26.6,13,19,0.4063,7,25,-5.31,-1.12,-6.43,86,94,-8,65.7,0.374,0.175,0.443,0.389,20.2,36,0.255,0.462,21.3,68.4,0.271
0,2000-01,CHS,Charlotte Sting,27.5,8,24,0.2500,6,26,-7.59,-0.3,-7.9,96.7,107.4,-10.7,69.8,0.303,0.203,0.507,0.461,18.7,31.5,0.226,0.491,15.9,65.9,0.276
0,2000-01,SES,Seattle Storm,26.5,6,26,0.1875,3,29,-10.91,1.79,-9.12,83.8,99.9,-16.1,67.2,0.322,0.209,0.459,0.415,20.9,26.2,0.218,0.486,20.8,65.1,0.289
1,2001-02,LAS,Los Angeles Sparks,26.1,28,4,0.8750,27,5,8.59,-0.39,8.21,106.7,94.7,12,70.7,0.292,0.215,0.532,0.49,16,35.8,0.221,0.441,16.9,72,0.21
0,2001-02,CLR,Cleveland Rockers,25.1,22,10,0.6875,27,5,6.75,-0.72,6.03,97.3,86.9,10.4,64.1,0.285,0.189,0.503,0.461,18.2,33.3,0.21,0.418,20.4,69,0.188
0,2001-02,SAM,Sacramento Monarchs,28.3,20,12,0.6250,23,9,4.84,-0.08,4.77,100.2,93.4,6.8,70.2,0.313,0.214,0.511,0.465,18,36.1,0.232,0.43,17.6,67.8,0.207
0,2001-02,NYL,New York Liberty,29.1,21,11,0.6563,20,12,2.5,-0.31,2.19,99.6,95.9,3.7,67.8,0.274,0.23,0.528,0.499,17.6,27.3,0.184,0.461,19.6,68.5,0.262
0,2001-02,MIS,Miami Sol,27.8,20,12,0.6250,19,13,1.84,-0.28,1.57,92.5,89.7,2.8,64.3,0.257,0.162,0.481,0.438,18.1,30.4,0.195,0.428,20.5,68.4,0.243
0,2001-02,HOC,Houston Comets,28.1,19,13,0.5938,19,13,1.66,-0.23,1.42,95.3,92.8,2.5,66.7,0.282,0.228,0.477,0.428,16.9,33.7,0.218,0.433,17.1,70.5,0.192
0,2001-02,CHS,Charlotte Sting,27.7,18,14,0.5625,19,13,1.44,-0.04,1.4,98.4,96.2,2.2,64.2,0.297,0.24,0.511,0.462,19.1,35.3,0.23,0.427,17.6,65,0.233
0,2001-02,UTS,Utah Starzz,28.2,19,13,0.5938,17,15,0.47,0.17,0.64,98.1,97.5,0.6,69.4,0.365,0.132,0.514,0.46,18.7,31.9,0.274,0.431,14.7,69.3,0.247
0,2001-02,ORM,Orlando Miracle,25.6,13,19,0.4063,13,19,-2.03,0.18,-1.86,95.2,98.1,-2.9,69.7,0.307,0.278,0.493,0.447,19.7,35.1,0.225,0.483,20.7,66,0.238
0,2001-02,MLY,Minnesota Lynx,24.2,12,20,0.3750,12,20,-2.47,0.25,-2.22,92.9,96.4,-3.5,69.1,0.402,0.305,0.488,0.419,19.2,30.9,0.309,0.43,17.6,67.9,0.259
0,2001-02,INF,Indiana Fever,25.3,10,22,0.3125,11,21,-3,0.06,-2.94,96.8,101.2,-4.4,68.7,0.324,0.245,0.517,0.461,19.1,30.2,0.259,0.484,17.8,68,0.217
0,2001-02,PHM,Phoenix Mercury,27.6,13,19,0.4063,11,21,-3.28,0.32,-2.96,91.3,95.9,-4.6,70.2,0.31,0.165,0.479,0.432,19.4,30.1,0.227,0.451,19.4,65.8,0.244
0,2001-02,POF,Portland Fire,26,11,21,0.3438,10,22,-3.56,0.39,-3.17,91.6,96.6,-5,69.8,0.324,0.274,0.483,0.433,18.8,28.2,0.238,0.448,17.5,67,0.237
0,2001-02,SES,Seattle Storm,25.6,10,22,0.3125,9,23,-3.97,0.61,-3.36,89.8,95.7,-5.9,65.3,0.333,0.226,0.46,0.414,17.1,28.8,0.228,0.466,20.6,66.4,0.238
0,2001-02,WAM,Washington Mystics,27.4,10,22,0.3125,8,24,-4.59,-0.05,-4.64,87.8,94.5,-6.7,67.6,0.263,0.218,0.451,0.416,18.8,32.6,0.174,0.444,17.4,67.9,0.178
0,2001-02,DSH,Detroit Shock,26.1,10,22,0.3125,8,24,-5.19,0.12,-5.07,94.1,101.5,-7.4,68.2,0.283,0.212,0.489,0.442,18.8,31.6,0.215,0.496,18.7,69,0.243
1,2002-03,LAS,Los Angeles Sparks,26.9,25,7,0.7813,25,7,6.78,-0.34,6.44,103.1,94,9.1,73.5,0.322,0.257,0.536,0.494,18.4,33.8,0.238,0.43,16.3,72.2,0.235
0,2002-03,HOC,Houston Comets,28.7,24,8,0.7500,25,7,5.63,-0.25,5.38,97.1,88.7,8.4,66.4,0.329,0.187,0.509,0.455,18.3,31,0.255,0.415,18.2,69.4,0.176
0,2002-03,CHS,Charlotte Sting,28,18,14,0.5625,21,11,3.38,-0.62,2.76,105.9,100.8,5.1,65.7,0.37,0.294,0.538,0.489,16.4,32.8,0.274,0.467,17,68.9,0.246
0,2002-03,SES,Seattle Storm,24.5,17,15,0.5313,20,12,2.66,0.01,2.67,98.8,95,3.8,68.7,0.279,0.26,0.5,0.454,17.9,35.4,0.215,0.459,20.4,67.3,0.239
0,2002-03,NYL,New York Liberty,29.7,18,14,0.5625,20,12,2.31,-0.2,2.11,99,95.5,3.5,65.4,0.326,0.23,0.525,0.485,18.7,28.6,0.23,0.442,19.2,66.2,0.279
0,2002-03,UTS,Utah Starzz,29,20,12,0.6250,19,13,2.31,-0.11,2.2,102.4,99.3,3.1,73.2,0.442,0.129,0.53,0.464,18.6,35,0.336,0.442,15.8,66.6,0.25
0,2002-03,WAM,Washington Mystics,26.3,17,15,0.5313,17,15,0.59,-0.41,0.18,97.8,96.9,0.9,67.7,0.25,0.232,0.503,0.465,17.7,32.7,0.188,0.452,17.1,69.6,0.209
0,2002-03,ORM,Orlando Miracle,26.3,16,16,0.5000,16,16,-0.03,-0.29,-0.32,100.3,100.4,-0.1,68.8,0.338,0.241,0.513,0.46,17.2,31.9,0.258,0.474,20.1,62.2,0.264
0,2002-03,INF,Indiana Fever,26.1,16,16,0.5000,14,18,-1,-0.01,-1.01,98.5,100,-1.5,66.3,0.318,0.298,0.504,0.45,17.4,32.8,0.249,0.487,18.7,68.7,0.198
0,2002-03,POF,Portland Fire,25.6,16,16,0.5000,14,18,-1,0.39,-0.61,96.3,97.8,-1.5,70.3,0.289,0.2,0.499,0.457,18.3,31.2,0.21,0.468,19,65.7,0.246
0,2002-03,MIS,Miami Sol,27.6,15,17,0.4688,14,18,-1.31,0.13,-1.19,95.2,97.2,-2,66.3,0.285,0.21,0.49,0.452,17.2,29.9,0.199,0.47,20.5,67.3,0.272
0,2002-03,CLR,Cleveland Rockers,25.4,10,22,0.3125,12,20,-2.16,0.07,-2.09,96.8,100,-3.2,65.3,0.304,0.205,0.502,0.451,17.9,31.6,0.236,0.475,17.2,70.8,0.216
0,2002-03,MLY,Minnesota Lynx,23.8,10,22,0.3125,11,21,-3.16,0.43,-2.73,92.8,97.5,-4.7,66.7,0.326,0.282,0.494,0.456,20.7,33.6,0.216,0.452,18.3,68.3,0.26
0,2002-03,SAM,Sacramento Monarchs,28.7,14,18,0.4375,10,22,-4,0.49,-3.51,94.5,100.1,-5.6,69.7,0.336,0.203,0.485,0.43,17,29.4,0.254,0.458,18.1,64.8,0.265
0,2002-03,DSH,Detroit Shock,24,9,23,0.2813,9,23,-4.75,-0.01,-4.76,92.3,98.9,-6.6,71,0.339,0.19,0.479,0.428,19.7,35,0.246,0.454,16.4,69.6,0.234
0,2002-03,PHM,Phoenix Mercury,27.3,11,21,0.3438,7,25,-6.25,0.73,-5.52,92.9,101.8,-8.9,70.3,0.285,0.174,0.492,0.446,19.1,29.7,0.214,0.496,18.7,67,0.233
1,2003-04,DSH,Detroit Shock,24.2,25,9,0.7353,24,10,4.65,-0.64,4.01,100.4,94.2,6.2,73.7,0.44,0.161,0.534,0.481,20.3,36,0.311,0.434,16.4,68.6,0.18
0,2003-04,SES,Seattle Storm,26.6,18,16,0.5294,23,11,3.35,-0.25,3.1,102.8,97.9,4.9,67.8,0.277,0.244,0.52,0.476,16.9,33.2,0.216,0.449,16.6,67.5,0.216
0,2003-04,HOC,Houston Comets,28.5,20,14,0.5882,22,12,3,-0.36,2.64,98.3,93.8,4.5,66.9,0.313,0.18,0.515,0.462,17.1,27.3,0.247,0.448,16.2,71.9,0.16
0,2003-04,SAM,Sacramento Monarchs,28.7,19,15,0.5588,21,13,2.44,-0.4,2.04,95.9,92.5,3.4,70.2,0.297,0.224,0.482,0.445,16.2,31.7,0.202,0.447,20.4,67.5,0.218
0,2003-04,LAS,Los Angeles Sparks,28,24,10,0.7059,20,14,1.97,-0.36,1.61,100.1,97.4,2.7,72.4,0.317,0.247,0.512,0.458,16.2,29.9,0.251,0.449,16,72,0.235
0,2003-04,CHS,Charlotte Sting,28.7,18,16,0.5294,18,16,0.65,-0.05,0.6,101.1,100.1,1,64,0.314,0.275,0.518,0.468,18.8,35.5,0.242,0.452,17.6,62,0.251
0,2003-04,CLR,Cleveland Rockers,25.1,17,17,0.5000,18,16,0.56,-0.09,0.47,97.5,96.7,0.8,67,0.326,0.215,0.494,0.447,17.1,33.1,0.235,0.453,17.5,70.6,0.241
0,2003-04,INF,Indiana Fever,26.9,16,18,0.4706,18,16,0.47,0.14,0.61,101.5,100.8,0.7,67,0.28,0.298,0.517,0.469,17.3,33,0.223,0.48,19,67.9,0.257
0,2003-04,MLY,Minnesota Lynx,27.3,18,16,0.5294,18,16,0.29,-0.05,0.24,100.2,99.8,0.4,69.3,0.315,0.265,0.528,0.488,19.9,35.6,0.228,0.459,16.7,68.1,0.229
0,2003-04,NYL,New York Liberty,29.8,16,18,0.4706,16,18,-0.38,0.08,-0.3,98.1,98.7,-0.6,66.7,0.279,0.26,0.519,0.476,17.9,26.9,0.214,0.459,17.8,67.8,0.234
0,2003-04,COS,Connecticut Sun,27.9,18,16,0.5294,16,18,-0.74,0.23,-0.5,98.8,99.8,-1,70.2,0.307,0.261,0.5,0.453,15.4,29.1,0.228,0.452,16.6,67.6,0.242
0,2003-04,WAM,Washington Mystics,25.4,9,25,0.2647,9,25,-4.94,0.5,-4.44,97.3,104.3,-7,69.7,0.231,0.23,0.483,0.445,16.1,32.8,0.174,0.489,16.7,67.8,0.25
0,2003-04,PHM,Phoenix Mercury,25.3,8,26,0.2353,8,26,-5.09,0.61,-4.48,88.4,95.6,-7.2,68.6,0.265,0.167,0.448,0.41,17,30.6,0.181,0.483,22.2,68,0.25
0,2003-04,SSS,San Antonio Silver Stars,28.4,12,22,0.3529,7,27,-6.24,0.63,-5.61,90.6,99.2,-8.6,71.7,0.356,0.152,0.463,0.405,17.7,30.9,0.26,0.433,14.5,67.1,0.25
1,2004-05,SES,Seattle Storm,26.8,20,14,0.5882,25,9,5.09,0.02,5.11,102.4,95.1,7.3,69.7,0.334,0.217,0.525,0.472,17.7,34,0.259,0.463,19,70,0.213
0,2004-05,LAS,Los Angeles Sparks,27.2,25,9,0.7353,23,11,3.94,0.04,3.98,99.2,93.9,5.3,72.1,0.349,0.2,0.523,0.475,18.1,30,0.256,0.431,17.7,70.5,0.266
0,2004-05,SAM,Sacramento Monarchs,28.4,18,16,0.5294,21,13,2.09,0.27,2.35,99,95.9,3.1,67.7,0.292,0.176,0.494,0.453,17.2,36.5,0.21,0.472,21.6,67.2,0.253
0,2004-05,PHM,Phoenix Mercury,24.5,17,17,0.5000,20,14,1.91,0.18,2.09,99.7,96.9,2.8,67.6,0.311,0.27,0.526,0.48,17.5,27.1,0.237,0.461,19.9,67.8,0.289
0,2004-05,COS,Connecticut Sun,26.9,18,16,0.5294,19,15,0.91,-0.52,0.39,98.5,97.2,1.3,68.7,0.288,0.228,0.505,0.463,16.7,29.8,0.212,0.466,17.9,70.4,0.222
0,2004-05,DSH,Detroit Shock,24.8,17,17,0.5000,16,18,-0.44,-0.38,-0.82,96.4,97,-0.6,71.7,0.378,0.1,0.484,0.432,17.3,35.3,0.265,0.455,17.3,70.4,0.224
0,2004-05,MLY,Minnesota Lynx,26,18,16,0.5294,16,18,-0.74,0.27,-0.47,91.4,92.4,-1,69.2,0.337,0.285,0.496,0.45,21.9,31.7,0.239,0.431,18.1,69.1,0.248
0,2004-05,HOC,Houston Comets,27.5,13,21,0.3824,15,19,-1,0.37,-0.63,94.9,96.3,-1.4,67,0.318,0.185,0.494,0.445,18,30.2,0.237,0.453,17.4,68.4,0.195
0,2004-05,NYL,New York Liberty,28.1,18,16,0.5294,15,19,-1.32,-0.29,-1.61,96.8,98.7,-1.9,67.4,0.275,0.319,0.52,0.48,18.9,26.4,0.206,0.445,15.5,66.6,0.206
0,2004-05,INF,Indiana Fever,25.9,15,19,0.4412,15,19,-1.38,-0.28,-1.66,96.9,99,-2.1,66.2,0.288,0.239,0.485,0.435,17.7,36.5,0.224,0.464,17.7,71.4,0.277
0,2004-05,WAM,Washington Mystics,25.5,17,17,0.5000,14,20,-1.74,-0.24,-1.98,97.5,99.9,-2.4,69.7,0.317,0.136,0.489,0.443,15.1,30.4,0.227,0.465,17.5,68.4,0.253
0,2004-05,CHS,Charlotte Sting,28.9,16,18,0.4706,13,21,-2.24,-0.19,-2.43,97.3,100.8,-3.5,62.3,0.338,0.263,0.522,0.475,19.3,29,0.25,0.448,16.6,62.7,0.227
0,2004-05,SSS,San Antonio Silver Stars,27.2,9,25,0.2647,9,25,-5.09,0.77,-4.32,93.5,100.9,-7.4,68.2,0.324,0.127,0.494,0.439,18.8,29.9,0.252,0.486,17.9,68.4,0.208
1,2005-06,SAM,Sacramento Monarchs,26.4,25,9,0.7353,28,6,6.94,-0.77,6.17,98.5,88.5,10,69.6,0.363,0.181,0.506,0.462,17.8,34.7,0.249,0.443,22.8,71.2,0.262
0,2005-06,COS,Connecticut Sun,27.2,26,8,0.7647,27,7,6.76,-0.76,6,104.1,94.4,9.7,69.9,0.34,0.184,0.531,0.484,16.3,30.7,0.253,0.427,15.8,69.2,0.215
0,2005-06,SES,Seattle Storm,25,20,14,0.5882,21,13,2.68,-0.4,2.28,101.8,98,3.8,71.9,0.333,0.208,0.527,0.473,17.9,32,0.263,0.443,15.2,69.9,0.227
0,2005-06,HOC,Houston Comets,30.2,19,15,0.5588,19,15,1.35,-0.21,1.15,100.2,98.2,2,67.1,0.359,0.107,0.519,0.464,16,28.7,0.274,0.474,18,71.4,0.216
0,2005-06,INF,Indiana Fever,27.4,21,13,0.6176,19,15,1.09,-0.16,0.93,95.2,93.6,1.6,65.8,0.304,0.239,0.489,0.439,17.7,32.4,0.231,0.465,21.1,70.6,0.256
0,2005-06,NYL,New York Liberty,28.4,18,16,0.5294,19,15,0.91,-0.15,0.77,102.4,101,1.4,65.3,0.297,0.325,0.551,0.501,18,26.1,0.243,0.458,15.3,68,0.22
0,2005-06,PHM,Phoenix Mercury,25.9,16,18,0.4706,17,17,0.21,-0.03,0.18,99,98.7,0.3,70.2,0.348,0.27,0.514,0.459,18.4,32.7,0.266,0.459,17.3,69.3,0.262
0,2005-06,LAS,Los Angeles Sparks,26.9,17,17,0.5000,16,18,-0.56,0.28,-0.28,97.3,98.1,-0.8,70.3,0.309,0.19,0.501,0.458,17.5,31.2,0.223,0.465,19.4,67.3,0.27
0,2005-06,DSH,Detroit Shock,25.6,16,18,0.4706,15,19,-1.18,0.08,-1.1,91.3,92.9,-1.6,71.1,0.376,0.116,0.468,0.422,19.2,35.6,0.247,0.443,18.6,74.6,0.29
0,2005-06,WAM,Washington Mystics,27.1,16,18,0.4706,15,19,-1.24,0.08,-1.15,97.7,99.6,-1.9,67.1,0.277,0.259,0.512,0.476,16.5,26,0.197,0.485,18.9,71.7,0.261
0,2005-06,MLY,Minnesota Lynx,25.8,14,20,0.4118,13,21,-2.26,0.43,-1.83,94.3,97.5,-3.2,68.5,0.309,0.253,0.5,0.456,19.5,30.4,0.225,0.459,17.6,67.5,0.215
0,2005-06,CHS,Charlotte Sting,28.1,6,28,0.1765,6,28,-7.06,0.69,-6.36,90.8,101.2,-10.4,66.7,0.326,0.157,0.479,0.431,19.7,31.1,0.234,0.484,19.5,63.2,0.27
0,2005-06,SSS,San Antonio Silver Stars,26.7,7,27,0.2059,6,28,-7.65,0.91,-6.74,92.3,103.6,-11.3,68.2,0.356,0.185,0.505,0.447,20.2,26.7,0.274,0.471,15.6,66.3,0.225
1,2006-07,COS,Connecticut Sun,27.2,26,8,0.7647,28,6,7.82,-1.07,6.76,102.9,92.7,10.2,76.4,0.305,0.23,0.534,0.482,17,30.4,0.246,0.437,15.9,71.6,0.152
0,2006-07,DSH,Detroit Shock,26.7,23,11,0.6765,24,10,4.21,-0.67,3.54,98.3,92.7,5.6,75.3,0.336,0.186,0.496,0.445,17.4,34.8,0.249,0.429,17,73.1,0.244
0,2006-07,SAM,Sacramento Monarchs,27.1,21,13,0.6176,23,11,3.91,-0.07,3.84,99.6,94.4,5.2,74.1,0.338,0.211,0.504,0.455,17.7,36.6,0.247,0.47,21.5,71,0.249
0,2006-07,INF,Indiana Fever,27.4,21,13,0.6176,23,11,3.5,-0.6,2.9,96.1,91.4,4.7,74,0.315,0.257,0.499,0.447,17.8,30.5,0.242,0.466,21.2,72.4,0.202
0,2006-07,LAS,Los Angeles Sparks,26.6,25,9,0.7353,22,12,2.91,-0.08,2.83,98.5,94.7,3.8,76.7,0.331,0.172,0.512,0.464,17.5,31.9,0.246,0.445,18.2,71.7,0.245
0,2006-07,WAM,Washington Mystics,28.2,18,16,0.5294,21,13,2.65,-0.65,2,104.3,100.9,3.4,76.9,0.325,0.237,0.546,0.505,17.7,31.4,0.24,0.481,18.8,70.6,0.302
0,2006-07,PHM,Phoenix Mercury,25.7,18,16,0.5294,20,14,2.21,0.09,2.47,107.5,104.7,2.8,79.8,0.284,0.296,0.542,0.499,14,27.6,0.222,0.478,16.4,66.4,0.267
0,2006-07,SES,Seattle Storm,25.8,18,16,0.5294,20,14,2.03,0.15,2.18,102,99.3,2.7,76.2,0.335,0.224,0.542,0.49,19,31.6,0.265,0.461,16.1,71.8,0.239
0,2006-07,HOC,Houston Comets,29.8,18,16,0.5294,20,14,1.71,-0.04,1.66,96.8,94.6,2.2,74.7,0.323,0.225,0.523,0.483,19.1,27.8,0.23,0.449,17.2,70.9,0.199
0,2006-07,SSS,San Antonio Silver Stars,26,13,21,0.3824,13,21,-2.35,0.26,-2.09,97.8,100.9,-3.1,75.9,0.298,0.247,0.495,0.448,16.1,29,0.224,0.467,15.9,68.6,0.217
0,2006-07,CHS,Charlotte Sting,26.4,11,23,0.3235,12,22,-3.38,0.37,-3.01,92.5,96.9,-4.4,77.7,0.357,0.25,0.487,0.437,18.6,28.5,0.253,0.46,19.9,66.9,0.276
0,2006-07,MLY,Minnesota Lynx,24,10,24,0.2941,8,26,-6.24,0.64,-5.6,96.7,104.9,-8.2,76.4,0.308,0.19,0.502,0.461,17.4,29,0.219,0.473,14.3,68.4,0.237
0,2006-07,NYL,New York Liberty,25.3,11,23,0.3235,6,28,-8.24,0.78,-7.64,93,104.4,-11.4,73.8,0.314,0.311,0.504,0.45,19.8,25.5,0.247,0.489,16.6,68.1,0.259
0,2006-07,CSK,Chicago Sky,25,5,29,0.1471,4,30,-10.74,0.9,-9.83,91.6,106,-14.4,74.6,0.296,0.246,0.472,0.431,17.7,29.3,0.206,0.499,17.8,64.2,0.254
1,2007-08,DSH,Detroit Shock,27.7,24,10,0.7059,24,10,4.62,-0.24,4.38,99.9,94.1,5.8,78.8,0.347,0.195,0.517,0.465,17.8,32.8,0.263,0.441,17,75.1,0.242
0,2007-08,INF,Indiana Fever,28.6,21,13,0.6176,22,12,3.24,-0.1,3.14,95.3,91.1,4.2,75.7,0.285,0.252,0.509,0.462,19.5,30,0.221,0.438,19.9,68.8,0.205
0,2007-08,PHM,Phoenix Mercury,26.6,23,11,0.6765,22,12,3.56,-0.54,3.02,105.4,101.2,4.2,83.8,0.312,0.332,0.55,0.498,15,22.8,0.255,0.462,17.3,66.2,0.226
0,2007-08,SES,Seattle Storm,26.3,17,17,0.5000,21,13,2.56,-0.62,1.94,104.1,100.8,3.3,76.9,0.324,0.289,0.541,0.487,17.4,31.1,0.263,0.467,16.1,71.1,0.206
0,2007-08,COS,Connecticut Sun,27.5,18,16,0.5294,21,13,2.5,-0.01,2.4,99.6,96.4,3.2,77.7,0.268,0.242,0.514,0.47,17,29.7,0.209,0.456,16.7,72,0.205
0,2007-08,SAM,Sacramento Monarchs,27.3,19,15,0.5588,19,15,1.38,-0.36,1.03,97.3,95.5,1.8,74.7,0.336,0.194,0.497,0.442,19.4,38.6,0.258,0.473,21.5,70.1,0.246
0,2007-08,SSS,San Antonio Silver Stars,27.1,20,14,0.5882,19,15,0.97,-0.13,0.84,97.9,96.6,1.3,74.8,0.265,0.26,0.518,0.472,18.7,29.4,0.213,0.457,19.3,67.9,0.247
0,2007-08,WAM,Washington Mystics,27.3,16,18,0.4706,15,19,-1.59,0.41,-1.18,96.8,98.9,-2.1,77.3,0.387,0.243,0.509,0.442,18.4,28.9,0.308,0.456,18.4,67.2,0.278
0,2007-08,CSK,Chicago Sky,25.6,14,20,0.4118,13,21,-2.53,0.51,-2.02,96.3,99.6,-3.3,75.2,0.318,0.239,0.486,0.447,16.4,31.2,0.215,0.47,18.3,67.4,0.223
0,2007-08,NYL,New York Liberty,24.6,16,18,0.4706,13,21,-2.68,0.52,-2.07,93.1,96.7,-3.6,75.5,0.277,0.314,0.515,0.475,20.7,25.5,0.206,0.454,18.2,67.4,0.216
0,2007-08,MLY,Minnesota Lynx,23.7,10,24,0.2941,12,22,-3.41,0.18,-3.23,98.4,102.7,-4.3,78,0.286,0.211,0.497,0.447,17.5,33.2,0.225,0.487,17.2,71.2,0.28
0,2007-08,HOC,Houston Comets,27.6,13,21,0.3824,12,22,-3.47,0.18,-3.29,95.6,100.1,-4.5,77.2,0.336,0.17,0.509,0.455,20.4,34.2,0.258,0.468,18.5,69.2,0.264
0,2007-08,LAS,Los Angeles Sparks,27,10,24,0.2941,10,24,-5.15,0.2,-4.95,94.5,101,-6.5,77.7,0.272,0.198,0.491,0.443,18.1,29.9,0.214,0.474,17.7,69.5,0.275
1,2008-09,DSH,Detroit Shock,28.1,22,12,0.6471,24,10,4.41,-0.77,3.65,102,96.3,5.7,76.2,0.324,0.207,0.509,0.461,15.9,34.7,0.242,0.455,18.8,72.2,0.262
0,2008-09,COS,Connecticut Sun,25.5,21,13,0.6176,23,11,4.38,-0.82,3.56,102.4,96.8,5.6,76.7,0.317,0.293,0.516,0.47,15.8,30.6,0.236,0.453,16.3,70.7,0.207
0,2008-09,SSS,San Antonio Silver Stars,28.7,24,10,0.7059,23,11,3.76,0.06,3.82,98.2,93.3,4.9,75.7,0.334,0.259,0.534,0.477,18,23.1,0.27,0.429,17.2,68.5,0.207
0,2008-09,SES,Seattle Storm,28,22,12,0.6471,21,13,2.56,0.05,2.61,98.2,94.8,3.4,74.7,0.345,0.214,0.512,0.46,17.8,30.9,0.261,0.438,17.3,71.2,0.237
0,2008-09,LAS,Los Angeles Sparks,27.9,20,14,0.5882,20,14,2.21,0.19,2.4,96.6,93.8,2.8,76.8,0.319,0.216,0.507,0.458,19.2,33.4,0.24,0.424,16.5,71.4,0.243
0,2008-09,MLY,Minnesota Lynx,24.7,16,18,0.4706,19,15,1.35,0.23,1.58,102,100.3,1.7,78.7,0.375,0.179,0.516,0.459,15,29.1,0.283,0.475,18.4,69.4,0.276
0,2008-09,NYL,New York Liberty,24.5,19,15,0.5588,19,15,1.03,-0.24,0.79,99.5,98.1,1.4,75,0.301,0.326,0.524,0.48,18.2,28.4,0.226,0.467,18.5,68.8,0.239
0,2008-09,INF,Indiana Fever,28,17,17,0.5000,18,16,0.47,-0.53,-0.06,94.5,93.9,0.6,75.2,0.301,0.304,0.501,0.454,19.2,29.5,0.227,0.451,20,69.7,0.254
0,2008-09,PHM,Phoenix Mercury,27,16,18,0.4706,17,17,0.03,0.39,0.42,106.8,106.8,0,82.6,0.311,0.282,0.533,0.476,14.8,30.4,0.258,0.471,14.8,65.9,0.282
0,2008-09,SAM,Sacramento Monarchs,26.4,18,16,0.5294,16,18,-0.76,0.36,-0.4,97.2,98.2,-1,77,0.378,0.203,0.505,0.448,18.9,33.6,0.283,0.494,20.6,70.1,0.22
0,2008-09,CSK,Chicago Sky,26.2,12,22,0.3529,15,19,-1.12,-0.33,-1.45,97.2,98.7,-1.5,74,0.388,0.162,0.504,0.456,17.6,31,0.269,0.456,17.3,67.8,0.23
0,2008-09,HOC,Houston Comets,28.5,17,17,0.5000,15,19,-1.32,0.4,-0.93,97.2,98.9,-1.7,76.1,0.333,0.216,0.506,0.452,19.1,33.5,0.255,0.464,18,69.7,0.267
0,2008-09,WAM,Washington Mystics,27.4,10,24,0.2941,7,27,-6.85,0.49,-6.36,91.3,100.3,-9,76,0.309,0.216,0.489,0.454,20.8,31.5,0.204,0.486,17.9,71.6,0.269
0,2008-09,ATD,Atlanta Dream,25.3,4,30,0.1176,5,29,-10.15,0.53,-9.62,93.1,105.8,-12.7,79.7,0.321,0.265,0.492,0.441,18.7,28.2,0.24,0.488,17.4,64.8,0.301
1,2009-10,PHM,Phoenix Mercury,26.6,23,11,0.6765,22,12,3.68,-0.38,3.3,109.2,104.9,4.3,83.7,0.306,0.271,0.567,0.512,15.2,24.7,0.262,0.463,13.5,68.3,0.247
0,2009-10,INF,Indiana Fever,28.7,22,12,0.6471,22,12,3.09,-0.36,2.73,98.5,94.5,4,76.4,0.337,0.288,0.513,0.45,17.3,28.7,0.277,0.466,20.8,71,0.25
0,2009-10,SES,Seattle Storm,27.5,20,14,0.5882,20,14,2,-0.2,1.8,99,96.3,2.7,73.2,0.334,0.23,0.524,0.47,18.6,29.8,0.262,0.457,18.5,70.4,0.237
0,2009-10,ATD,Atlanta Dream,26.2,18,16,0.5294,20,14,1.88,-0.2,1.69,100.3,98,2.3,82.1,0.311,0.154,0.518,0.472,17.6,33,0.234,0.46,18.1,70.8,0.264
0,2009-10,LAS,Los Angeles Sparks,30,18,16,0.5294,18,16,0.76,-0.1,0.93,97.9,96.8,1.1,74.9,0.245,0.225,0.504,0.462,18.3,33.4,0.193,0.448,15.5,73.1,0.215
0,2009-10,DSH,Detroit Shock,29,18,16,0.5294,17,17,0.24,0.01,0.24,99.3,99,0.3,76.6,0.317,0.191,0.511,0.464,17.4,32.3,0.237,0.457,17.2,72.7,0.287
0,2009-10,COS,Connecticut Sun,25.7,16,18,0.4706,17,17,-0.09,0.11,0.02,98.4,98.5,-0.1,77.2,0.291,0.268,0.494,0.448,14.4,27.5,0.217,0.461,17.6,71.5,0.264
0,2009-10,NYL,New York Liberty,25.2,13,21,0.3824,16,18,-0.41,-0.02,-0.7,97.1,97.6,-0.5,75.4,0.273,0.33,0.521,0.476,18.5,24.6,0.215,0.463,18.1,70.7,0.249
0,2009-10,WAM,Washington Mystics,26.2,16,18,0.4706,15,19,-1.09,0.1,-0.99,96.2,97.5,-1.3,78.2,0.375,0.193,0.503,0.455,19.1,33,0.263,0.47,18.6,71.4,0.261
0,2009-10,SSS,San Antonio Silver Stars,29.3,15,19,0.4412,15,19,-1.35,0.16,-1.2,100.6,102.4,-1.8,74.7,0.286,0.337,0.53,0.486,17.1,25.4,0.222,0.477,16.4,67.8,0.214
0,2009-10,SAM,Sacramento Monarchs,27.7,12,22,0.3529,13,21,-2.35,0.26,-2.09,99.7,102.7,-3,76.4,0.339,0.177,0.518,0.461,18.8,35.8,0.267,0.498,18.9,70.1,0.216
0,2009-10,MLY,Minnesota Lynx,23.7,14,20,0.4118,13,21,-2.82,0.31,-2.51,101.3,104.8,-3.5,78.4,0.339,0.308,0.526,0.474,16.5,27.7,0.262,0.504,17.4,70.6,0.243
0,2009-10,CSK,Chicago Sky,26.2,16,18,0.4706,12,22,-3.53,0.32,-3.22,99.7,104.4,-4.7,75.7,0.324,0.221,0.527,0.479,17.9,27.8,0.247,0.488,16.2,68.4,0.211
1,2010-11,SES,Seattle Storm,27.7,28,6,0.8235,27,7,7.91,-1.98,5.93,108.2,97.7,10.5,74.5,0.312,0.299,0.549,0.5,17.1,35.9,0.247,0.456,17.3,73.2,0.256
0,2010-11,INF,Indiana Fever,28.6,21,13,0.6176,23,11,4.21,0.68,4.89,102,96.5,5.5,75.9,0.335,0.275,0.54,0.489,18.3,29.5,0.262,0.458,19.8,69.7,0.266
0,2010-11,WAM,Washington Mystics,28,22,12,0.6471,23,11,3.65,0.81,4.46,101.8,97,4.8,75,0.346,0.216,0.541,0.489,19.6,33.5,0.268,0.464,18,74.2,0.257
0,2010-11,NYL,New York Liberty,27.8,22,12,0.6471,22,12,3.24,0.86,4.1,104.7,100.4,4.3,74.8,0.253,0.258,0.548,0.505,16.7,27.5,0.207,0.477,17.8,71.3,0.257
0,2010-11,ATD,Atlanta Dream,26,19,15,0.5588,20,14,2.26,0.93,3.2,101.5,98.8,2.7,83.5,0.344,0.185,0.515,0.471,16.8,34.4,0.244,0.469,17.6,72.9,0.267
0,2010-11,COS,Connecticut Sun,25.2,17,17,0.5000,19,15,1.15,1.13,2.28,102,100.6,1.4,78.2,0.278,0.271,0.52,0.473,15.9,29.2,0.223,0.474,15.9,72,0.208
0,2010-11,PHM,Phoenix Mercury,27,15,19,0.4412,17,17,0.12,-0.98,-0.87,109.9,109.8,0.1,83.6,0.309,0.288,0.578,0.525,15.8,25,0.262,0.502,13.1,69.9,0.219
0,2010-11,CSK,Chicago Sky,26.8,14,20,0.4118,16,18,-0.74,1.32,0.58,100.5,101.5,-1,74.8,0.329,0.236,0.523,0.477,16.8,28.1,0.245,0.491,17.8,69.2,0.203
0,2010-11,LAS,Los Angeles Sparks,29.7,13,21,0.3824,12,22,-3.32,-0.54,-3.87,100.7,105,-4.3,77.1,0.278,0.271,0.535,0.486,16.7,23.6,0.228,0.488,15.7,68.8,0.213
0,2010-11,MLY,Minnesota Lynx,25.5,13,21,0.3824,12,22,-3.41,-1.09,-4.51,97.9,102.2,-4.3,78.9,0.344,0.221,0.489,0.433,15.3,30.7,0.26,0.495,18.1,73,0.258
0,2010-11,SSS,San Antonio Silver Stars,29.1,14,20,0.4118,12,22,-3.26,-1.11,-4.38,101.7,106,-4.3,75.5,0.293,0.278,0.548,0.507,18,25,0.224,0.507,16.5,69.6,0.225
0,2010-11,TSH,Tulsa Shock,26.3,6,28,0.1765,4,30,-11.79,-0.02,-11.81,94.9,109.2,-14.3,81.9,0.294,0.238,0.505,0.466,19,27.8,0.209,0.528,18.5,65.6,0.258
1,2011-12,MLY,Minnesota Lynx,27.7,27,7,0.7941,27,7,7.88,-0.93,6.95,107.1,96.7,10.4,76.1,0.264,0.197,0.533,0.497,14.4,32.9,0.195,0.466,17.2,76.5,0.221
0,2011-12,INF,Indiana Fever,28.5,21,13,0.6176,23,11,3.91,-0.42,3.5,103.5,98.3,5.2,74.8,0.329,0.279,0.546,0.496,17.2,27.5,0.259,0.465,18,68.4,0.22
0,2011-12,COS,Connecticut Sun,25.6,21,13,0.6176,22,12,3.29,-0.18,3.12,101.5,97.3,4.2,77.5,0.276,0.234,0.509,0.466,14.3,27.5,0.211,0.471,16.9,71.6,0.175
0,2011-12,PHM,Phoenix Mercury,27.7,19,15,0.5588,21,13,3,-0.18,2.82,109,105.3,3.7,80.7,0.338,0.278,0.572,0.513,16.5,27.5,0.287,0.487,14.4,71.9,0.227
0,2011-12,SSS,San Antonio Silver Stars,28.3,18,16,0.5294,20,14,2.12,-0.21,1.91,99.7,96.9,2.8,77.3,0.284,0.275,0.521,0.48,14.6,20.3,0.214,0.467,18.1,72.5,0.233
0,2011-12,SES,Seattle Storm,29.9,21,13,0.6176,20,14,1.79,-0.54,1.25,98.5,96,2.5,72.7,0.27,0.294,0.535,0.49,19.4,27.1,0.216,0.458,16.9,73.5,0.207
0,2011-12,ATD,Atlanta Dream,27.1,20,14,0.5882,19,15,1.71,-0.23,1.47,100.4,98.3,2.1,81.2,0.333,0.117,0.503,0.461,15.5,32.1,0.231,0.472,18.4,70.5,0.233
0,2011-12,NYL,New York Liberty,26.1,19,15,0.5588,19,15,1.24,-0.01,1.22,99.7,98.1,1.6,75.7,0.219,0.239,0.511,0.476,16.6,31.1,0.169,0.473,19.1,71.1,0.235
0,2011-12,CSK,Chicago Sky,26.1,14,20,0.4118,16,18,-0.94,0.31,-0.63,96.2,97.4,-1.2,76.6,0.286,0.208,0.521,0.476,19.8,28.5,0.221,0.455,16.5,71.7,0.231
0,2011-12,LAS,Los Angeles Sparks,29.1,15,19,0.4412,12,22,-3.18,0.12,-3.06,101.7,105.9,-4.2,74.7,0.253,0.273,0.539,0.499,17.5,26.6,0.201,0.491,15.2,67.6,0.189
0,2011-12,WAM,Washington Mystics,25.7,6,28,0.1765,6,28,-7.94,1.06,-6.88,94.7,105.3,-10.6,74,0.304,0.24,0.491,0.445,19,33.4,0.222,0.501,16.8,70.8,0.248
0,2011-12,,,26.4,3,31,0.0882,3,31,-12.88,1.21,-11.67,90.8,107.7,-16.9,75.9,0.286,0.275,0.488,0.435,19.5,26.8,0.229,0.528,16.5,72.4,0.237
1,2012-13,MLY,Minnesota Lynx,28.1,27,7,0.7941,29,5,9.79,-0.98,8.81,109.9,97.4,12.5,77.3,0.283,0.243,0.559,0.521,16.5,34.8,0.214,0.454,15.9,72.7,0.204
0,2012-13,INF,Indiana Fever,28,22,12,0.6471,26,8,6,-0.65,5.36,104.4,96.4,8,74.5,0.294,0.303,0.53,0.478,15.6,29.4,0.239,0.471,19.7,68,0.2
0,2012-13,LAS,Los Angeles Sparks,27,24,10,0.7059,25,9,5.76,-0.82,4.94,105.6,98.3,7.3,79.2,0.297,0.234,0.546,0.5,17.4,33.5,0.236,0.46,16.7,69.5,0.197
0,2012-13,SSS,San Antonio Silver Stars,27.6,21,13,0.6176,24,10,5.12,-0.38,4.74,106.8,100.2,6.6,76.2,0.274,0.293,0.541,0.5,14.7,27.7,0.213,0.484,17.5,70.3,0.187
0,2012-13,COS,Connecticut Sun,26.4,25,9,0.7353,23,11,4.21,-0.86,3.35,103.3,98,5.3,77.8,0.283,0.238,0.525,0.473,15.7,29.2,0.234,0.475,17.4,70.2,0.172
0,2012-13,ATD,Atlanta Dream,26.9,19,15,0.5588,21,13,2.82,-0.24,2.59,98,94.5,3.5,78.7,0.304,0.21,0.509,0.465,17.6,29.6,0.225,0.46,19,70.9,0.209
0,2012-13,CSK,Chicago Sky,27.1,14,20,0.4118,17,17,-0.24,0.16,-0.08,97.4,97.7,-0.3,75.6,0.268,0.277,0.515,0.478,19.6,32.8,0.196,0.475,18,74.9,0.245
0,2012-13,SES,Seattle Storm,30,16,18,0.4706,16,18,-0.41,-0.03,-0.44,95.6,96.2,-0.6,74.2,0.295,0.338,0.534,0.493,20.3,22.5,0.221,0.438,15.5,70.4,0.209
0,2012-13,NYL,New York Liberty,28.1,15,19,0.4412,11,23,-4.15,0.22,-3.93,96.1,101.6,-5.5,76,0.2,0.252,0.501,0.469,18.3,29.9,0.151,0.475,16.2,68.4,0.208
0,2012-13,TSH,Tulsa Shock,25.6,9,25,0.2647,8,26,-6.97,1.17,-5.8,98,106.9,-8.9,77.9,0.294,0.31,0.505,0.464,16.2,26.5,0.213,0.531,20,66.2,0.241
0,2012-13,WAM,Washington Mystics,26.7,5,29,0.1471,5,29,-9.71,0.93,-8.78,91.6,104.6,-13,74.6,0.275,0.223,0.486,0.446,19.2,30.3,0.198,0.5,17.9,68.9,0.248
0,2012-13,PHM,Phoenix Mercury,25.2,7,27,0.2059,4,30,-12.24,1.49,-10.75,93,108.3,-15.3,79.5,0.274,0.273,0.472,0.424,17.3,32.6,0.209,0.49,14.2,70,0.232
1,2013-14,MLY,Minnesota Lynx,27.1,26,8,0.7647,29,5,9.35,-0.4,8.95,107.9,95.7,12.2,76.6,0.254,0.153,0.541,0.502,13.7,29.9,0.2,0.446,16,74.5,0.212
0,2013-14,LAS,Los Angeles Sparks,26.4,24,10,0.7059,26,8,6.97,-0.14,6.84,104.5,95.7,8.8,77.5,0.294,0.14,0.543,0.499,15.7,27.9,0.229,0.442,16.7,70.9,0.218
0,2013-14,CSK,Chicago Sky,26.5,24,10,0.7059,25,9,5.85,-1.2,4.65,103.1,95.5,7.6,76.7,0.326,0.212,0.514,0.455,14.2,30.5,0.265,0.439,14.8,74.6,0.197
0,2013-14,ATD,Atlanta Dream,26.7,17,17,0.5000,19,15,1.5,-0.71,0.79,96.6,94.7,1.9,79.1,0.284,0.183,0.492,0.449,16.2,29.5,0.211,0.45,18.5,71.1,0.236
0,2013-14,INF,Indiana Fever,26.4,16,18,0.4706,18,16,0.35,-0.77,-0.41,97.3,96.8,0.5,72,0.284,0.252,0.486,0.436,15.4,30.1,0.222,0.469,19.4,70.4,0.241
0,2013-14,WAM,Washington Mystics,26.2,17,17,0.5000,17,17,0.09,-0.27,-0.18,97.7,97.6,0.1,77,0.311,0.201,0.501,0.448,16.7,29.1,0.245,0.449,15.6,71.4,0.218
0,2013-14,PHM,Phoenix Mercury,25.9,19,15,0.5588,16,18,-0.56,0.57,0.01,101.3,102,-0.7,78.3,0.325,0.247,0.544,0.49,17.1,24.6,0.264,0.45,12.8,72.7,0.236
0,2013-14,TSH,Tulsa Shock,25.2,11,23,0.3235,14,20,-2.24,0.77,-1.47,99.4,102.3,-2.9,75.7,0.319,0.302,0.51,0.456,16.7,28.6,0.25,0.488,17.2,69.4,0.223
0,2013-14,SES,Seattle Storm,28.9,17,17,0.5000,13,21,-2.38,0.49,-1.9,97.6,100.9,-3.3,72.7,0.303,0.291,0.524,0.47,18.8,25.9,0.248,0.468,15.8,71.9,0.246
0,2013-14,COS,Connecticut Sun,26.1,10,24,0.2941,8,26,-5.82,0.22,-5.6,92.4,100,-7.6,76.6,0.233,0.2,0.468,0.43,15.8,27.8,0.172,0.466,16.6,68,0.216
0,2013-14,SSS,San Antonio Silver Stars,26.6,12,22,0.3529,9,25,-5.76,0.96,-4.81,95.2,102.8,-7.6,75.5,0.239,0.266,0.481,0.443,15.2,26.6,0.179,0.493,17,70.5,0.217
0,2013-14,NYL,New York Liberty,28.8,11,23,0.3235,7,27,-7.35,0.48,-6.87,90.5,100.1,-9.6,76.1,0.243,0.162,0.472,0.431,18.4,29.9,0.184,0.452,13.5,72.9,0.205
1,2014-15,PHM,Phoenix Mercury,28.7,29,5,0.8529,29,5,9.41,-0.67,8.74,107.8,95.7,12.1,76.6,0.316,0.234,0.574,0.525,15.2,22.3,0.257,0.441,14.8,72.5,0.17
0,2014-15,MLY,Minnesota Lynx,27.7,25,9,0.7353,23,11,4.47,-0.14,4.34,105.6,99.8,5.8,76.5,0.281,0.166,0.541,0.495,14,25.9,0.224,0.469,14.6,74.9,0.183
0,2014-15,ATD,Atlanta Dream,27.5,19,15,0.5588,20,14,2.06,-0.71,1.35,99,96.5,2.5,79.3,0.29,0.21,0.506,0.464,16.8,32.3,0.213,0.466,18.3,72.9,0.227
0,2014-15,WAM,Washington Mystics,25.6,16,18,0.4706,18,16,0.44,-0.59,-0.15,97.9,97.3,0.6,73.9,0.259,0.253,0.51,0.465,17.5,29.2,0.207,0.443,14.2,71.3,0.193
0,2014-15,LAS,Los Angeles Sparks,27.4,16,18,0.4706,17,17,-0.21,0.57,0.36,99.1,99.4,-0.3,76.7,0.251,0.124,0.519,0.477,16.3,26.3,0.2,0.485,18,72.5,0.21
0,2014-15,INF,Indiana Fever,26,16,18,0.4706,15,19,-0.97,-0.32,-1.29,99,100.3,-1.3,73.8,0.325,0.233,0.509,0.459,16.9,30.5,0.245,0.473,17.7,71.9,0.28
0,2014-15,COS,Connecticut Sun,25.4,13,21,0.3824,14,20,-1.82,-0.3,-2.12,97.9,100.2,-2.3,76.5,0.255,0.197,0.486,0.446,15.9,32.5,0.189,0.474,17.5,70.5,0.252
0,2014-15,SAS,San Antonio Stars,27.3,16,18,0.4706,14,20,-1.76,0.67,-1.1,102.3,104.6,-2.3,74.9,0.238,0.275,0.522,0.479,14.5,25.4,0.196,0.507,16.2,73.3,0.213
0,2014-15,CSK,Chicago Sky,25.4,15,19,0.4412,14,20,-2.03,-0.19,-2.22,98.2,100.8,-2.6,76.7,0.289,0.159,0.512,0.46,16.2,25.8,0.234,0.453,14.5,69.5,0.219
0,2014-15,TSH,Tulsa Shock,24.4,12,22,0.3529,14,20,-2.09,0.71,-1.38,104.8,107.5,-2.7,76.6,0.321,0.257,0.516,0.466,14.8,32.3,0.246,0.501,15.4,71.2,0.272
0,2014-15,NYL,New York Liberty,27.9,15,19,0.4412,12,22,-3.06,-0.14,-3.2,94.4,98.4,-4,75.6,0.283,0.152,0.491,0.445,16.4,26.6,0.213,0.465,15.3,74.8,0.206
0,2014-15,SES,Seattle Storm,28.7,12,22,0.3529,10,24,-4.44,1.11,-3.33,96.6,102.7,-6.1,72.6,0.262,0.292,0.527,0.485,17.9,20.7,0.204,0.491,15.7,72.9,0.214
1,2015-16,CSK,Chicago Sky,26.9,21,13,0.6176,23,11,4.06,0.22,4.28,105.4,100.2,5.2,77.8,0.271,0.18,0.525,0.476,13.3,28.8,0.224,0.463,14.4,74.9,0.22
0,2015-16,MLY,Minnesota Lynx,29.3,22,12,0.6471,23,11,3.74,-1.09,2.65,100.5,95.5,5,74.8,0.252,0.188,0.517,0.472,15.2,26.2,0.206,0.453,14.9,76.8,0.176
0,2015-16,NYL,New York Liberty,26.9,23,11,0.6765,22,12,3.32,0.28,3.61,97.4,93,4.4,75.8,0.305,0.188,0.505,0.455,16.6,29.2,0.236,0.438,16.8,78.3,0.234
0,2015-16,PHM,Phoenix Mercury,28,20,14,0.5882,21,13,2.85,-0.83,2.03,99.7,95.9,3.8,74.1,0.303,0.226,0.526,0.474,15.3,22.2,0.246,0.432,14.7,72.7,0.203
0,2015-16,WAM,Washington Mystics,25.6,18,16,0.5294,21,13,2.32,0.53,2.85,99.2,96.1,3.1,73.6,0.265,0.272,0.514,0.469,15.5,24.6,0.21,0.436,15.7,70.3,0.208
0,2015-16,INF,Indiana Fever,26.7,20,14,0.5882,20,14,1.88,0.57,2.45,101,98.5,2.5,76.4,0.328,0.229,0.521,0.465,16.2,28.4,0.262,0.475,18.4,72.9,0.248
0,2015-16,TSH,Tulsa Shock,25.3,18,16,0.5294,18,16,0.65,-0.66,-0.01,102.9,102,0.9,75,0.342,0.276,0.5,0.44,13.9,31.4,0.271,0.482,15.9,74.1,0.244
0,2015-16,LAS,Los Angeles Sparks,27.3,14,20,0.4118,15,19,-0.94,-0.72,-1.66,100.2,101.5,-1.3,72.9,0.255,0.231,0.531,0.486,16,22.9,0.207,0.451,13,73.3,0.247
0,2015-16,COS,Connecticut Sun,25,15,19,0.4412,14,20,-1.62,0.85,-0.77,99,101.2,-2.2,74.1,0.237,0.271,0.503,0.468,15.4,26.9,0.176,0.477,17.2,70.6,0.244
0,2015-16,ATD,Atlanta Dream,27.4,15,19,0.4412,14,20,-1.97,0.88,-1.09,98.6,101.1,-2.5,78.3,0.313,0.224,0.501,0.447,17.1,32,0.246,0.477,17.7,73,0.295
0,2015-16,SES,Seattle Storm,26.2,10,24,0.2941,9,25,-5.65,-0.16,-5.8,93.2,100.7,-7.5,75.6,0.261,0.238,0.519,0.473,18.2,17.3,0.212,0.47,14.8,74,0.219
0,2015-16,SAS,San Antonio Stars,26.3,8,26,0.2353,5,29,-8.65,0.12,-8.53,89.6,101,-11.4,75.7,0.271,0.197,0.469,0.419,16.1,23,0.21,0.487,15.2,73.8,0.176
1,2016-17,MLY,Minnesota Lynx,30.6,28,6,0.8235,28,6,8.82,-0.7,8.13,108.2,97.1,11.1,78.2,0.315,0.175,0.551,0.5,14.8,30.2,0.254,0.458,16.7,75.6,0.233
0,2016-17,LAS,Los Angeles Sparks,28.7,26,8,0.7647,26,8,7.09,-0.77,6.31,107.8,98.6,9.2,76.4,0.29,0.245,0.574,0.533,15.9,22.3,0.229,0.471,16.1,73.2,0.201
0,2016-17,PHM,Phoenix Mercury,29.3,16,18,0.4706,19,15,1.29,-0.24,1.05,106.2,104.5,1.7,78.5,0.362,0.277,0.563,0.501,15.5,23,0.304,0.481,15.2,72.6,0.242
0,2016-17,NYL,New York Liberty,27.1,21,13,0.6176,18,16,0.79,-0.07,0.72,101.6,100.6,1,78.3,0.316,0.179,0.517,0.466,15.7,29.6,0.246,0.456,13.7,76.1,0.245
0,2016-17,CSK,Chicago Sky,27.8,18,16,0.5294,18,16,0.62,-0.09,0.53,108.4,107.6,0.8,78.7,0.261,0.153,0.537,0.49,13.1,29.8,0.216,0.486,13.5,74.1,0.271
0,2016-17,SES,Seattle Storm,26.6,16,18,0.4706,18,16,0.62,0.17,0.76,104.9,104.1,0.8,76.7,0.301,0.32,0.565,0.514,16.8,22.1,0.25,0.482,14.2,72.1,0.204
0,2016-17,INF,Indiana Fever,27.6,17,17,0.5000,16,18,-0.38,0.05,-0.33,103.7,104.2,-0.5,77,0.305,0.244,0.542,0.486,16.5,26.8,0.258,0.508,17.7,73.3,0.273
0,2016-17,COS,Connecticut Sun,25,14,20,0.4118,15,19,-1.38,0.05,-1.3,102.7,104.4,-1.7,79.1,0.281,0.256,0.515,0.478,15,29.6,0.201,0.499,17.2,73.7,0.291
0,2016-17,WAM,Washington Mystics,25,13,21,0.3824,15,19,-1.47,0.13,-1.34,103.8,105.7,-1.9,76.1,0.33,0.297,0.531,0.476,14.4,24.3,0.264,0.483,14.3,71.6,0.246
0,2016-17,ATD,Atlanta Dream,25.7,17,17,0.5000,14,20,-2.21,0.14,-2.06,101.1,103.9,-2.8,79.1,0.389,0.189,0.508,0.449,14.7,30.5,0.293,0.47,14.7,71.9,0.252
0,2016-17,DAW,Dallas Wings,26.1,11,23,0.3235,10,24,-5.59,0.48,-5.11,102.9,109.9,-7,78.6,0.344,0.311,0.511,0.45,14.7,29.3,0.277,0.51,14.7,70.7,0.272
0,2016-17,SAS,San Antonio Stars,25.3,7,27,0.2059,6,28,-8.21,0.84,-7.37,94.4,105.1,-10.7,75.5,0.276,0.228,0.49,0.439,16.1,24.2,0.22,0.477,14.8,71.3,0.282
1,2017-18,MLY,Minnesota Lynx,31.3,27,7,0.7941,30,4,11.12,-0.89,10.22,109.3,95.1,14.2,78.1,0.272,0.238,0.563,0.523,15.7,30.3,0.216,0.466,17.5,75.9,0.18
0,2017-18,LAS,Los Angeles Sparks,28.1,26,8,0.7647,28,6,8.32,-0.74,7.59,107.1,96.4,10.7,77.4,0.273,0.236,0.564,0.52,15.2,22.2,0.225,0.477,18.5,74.1,0.212
0,2017-18,COS,Connecticut Sun,24.9,21,13,0.6176,23,11,4.41,-0.28,4.14,106,100.6,5.4,81.1,0.278,0.249,0.531,0.493,13.4,27.3,0.206,0.479,15.2,77.6,0.222
0,2017-18,NYL,New York Liberty,26.8,22,12,0.6471,22,12,3.12,-0.14,2.98,102.9,98.9,4,77.2,0.285,0.246,0.512,0.466,14.4,30.7,0.222,0.452,13.6,78.8,0.238
0,2017-18,WAM,Washington Mystics,27,18,16,0.5294,18,16,0.74,-0.29,0.45,105.8,104.8,1,76.7,0.313,0.315,0.526,0.466,13.5,29,0.264,0.478,13.5,73.5,0.208
0,2017-18,PHM,Phoenix Mercury,29.6,18,16,0.5294,17,17,0,0.28,0.28,102.9,102.9,0,78.7,0.354,0.295,0.545,0.49,15.8,22.9,0.279,0.477,15.4,73.2,0.249
0,2017-18,SES,Seattle Storm,27.6,15,19,0.4412,17,17,0,-0.17,-0.17,105.8,105.8,0,77.2,0.292,0.314,0.574,0.53,16.5,20.8,0.236,0.491,14.8,71.1,0.207
0,2017-18,DAW,Dallas Wings,24.8,16,18,0.4706,13,21,-2.65,0.42,-2.23,105.4,108.7,-3.3,80.5,0.374,0.295,0.521,0.453,14.3,29.9,0.308,0.521,16,72.7,0.261
0,2017-18,ATD,Atlanta Dream,26,12,22,0.3529,12,22,-3.76,0.18,-3.59,97.7,102.3,-4.6,79.6,0.302,0.218,0.491,0.441,14.1,26.9,0.23,0.479,15.9,74.4,0.256
0,2017-18,CSK,Chicago Sky,27.9,12,22,0.3529,10,24,-5.12,0.32,-4.8,100,106.2,-6.2,80.7,0.203,0.243,0.539,0.507,17.2,22.7,0.159,0.476,12.8,70.9,0.226
0,2017-18,SAS,San Antonio Stars,25.8,8,26,0.2353,8,26,-6.97,0.56,-6.41,96.2,105.2,-9,76.7,0.265,0.218,0.508,0.465,18.3,27.7,0.204,0.495,14.5,73.4,0.237
0,2017-18,INF,Indiana Fever,27.3,9,25,0.2647,6,28,-9.21,0.76,-8.45,97.6,109.5,-11.9,76.3,0.254,0.223,0.513,0.463,15.6,21.4,0.214,0.521,16.4,70.5,0.269
1,2018-19,SES,Seattle Storm,27.3,26,8,0.7647,27,7,7.56,-0.58,6.98,111.1,101.5,9.6,77.9,0.251,0.349,0.572,0.534,14.3,25,0.203,0.479,14.1,75.2,0.183
0,2018-19,COS,Connecticut Sun,25.5,21,13,0.6176,25,9,5.94,-0.4,5.54,110.8,103.3,7.5,79.1,0.236,0.286,0.55,0.519,14,31.3,0.176,0.493,15,76.8,0.225
0,2018-19,WAM,Washington Mystics,27.9,22,12,0.6471,21,13,3.06,-0.1,2.99,110.7,106.6,4.1,76.3,0.26,0.344,0.558,0.51,13,25.5,0.223,0.496,14.9,72.7,0.223
0,2018-19,PHM,Phoenix Mercury,30.7,20,14,0.5882,21,13,2.53,-0.27,2.26,110.1,106.8,3.3,77.9,0.316,0.36,0.576,0.522,14.6,22.8,0.268,0.478,13,71.6,0.222
0,2018-19,ATD,Atlanta Dream,27.4,23,11,0.6765,20,14,2.29,-0.42,1.88,102.9,100,2.9,79.5,0.31,0.263,0.514,0.468,13.5,26.8,0.231,0.468,15.2,72.7,0.203
0,2018-19,LAS,Los Angeles Sparks,28.7,19,15,0.5588,20,14,1.91,-0.14,1.78,104.4,101.8,2.6,75.3,0.232,0.259,0.537,0.497,12.9,21.4,0.188,0.493,16.6,74.1,0.212
0,2018-19,DAW,Dallas Wings,25.1,15,19,0.4412,19,15,1.29,0.08,1.38,109.1,107.5,1.6,79.4,0.346,0.32,0.544,0.49,14.6,31,0.274,0.497,13.2,75.1,0.232
0,2018-19,MLY,Minnesota Lynx,31.1,18,16,0.5294,18,16,0.68,-0.01,0.67,102.8,101.9,0.9,76.8,0.245,0.231,0.529,0.491,15.4,26.9,0.191,0.497,14.1,79.5,0.179
0,2018-19,LVA,Las Vegas Aces,24.5,14,20,0.4118,13,21,-2.5,0.27,-2.26,104.1,107.3,-3.2,80.7,0.332,0.155,0.521,0.469,13.3,26.1,0.256,0.504,12.9,75.5,0.202
0,2018-19,CSK,Chicago Sky,25.7,13,21,0.3824,9,25,-6.32,0.33,-5.99,104.2,112,-7.8,79.2,0.266,0.288,0.547,0.505,15.9,24.6,0.212,0.508,13.3,68.7,0.22
0,2018-19,NYL,New York Liberty,27,7,27,0.2059,8,26,-7.15,0.42,-6.73,99.1,108.2,-9.1,77.8,0.234,0.308,0.517,0.481,15.7,24.5,0.178,0.496,13.2,74.7,0.255
0,2018-19,INF,Indiana Fever,25.9,6,28,0.1765,6,28,-9.29,0.8,-8.49,97.8,109.7,-11.9,77,0.227,0.245,0.489,0.446,12.6,23.9,0.184,0.522,14.6,73.8,0.225
1,2019-20,WAM,Washington Mystics,27.3,26,8,0.7647,30,4,12,-0.93,11.07,115.9,100.3,15.6,76.7,0.235,0.364,0.579,0.536,12.4,25.9,0.206,0.479,15.5,74.4,0.179
0,2019-20,LVA,Las Vegas Aces,25.8,21,13,0.6176,22,12,3.41,-0.2,3.21,100.9,96.8,4.1,80.8,0.306,0.213,0.516,0.466,15.1,25.6,0.238,0.45,13.2,78.2,0.192
0,2019-20,COS,Connecticut Sun,26.1,23,11,0.6765,21,13,2.88,-0.42,2.46,102.4,98.7,3.7,78.7,0.259,0.294,0.509,0.476,14.3,29.5,0.182,0.487,16.7,78.1,0.203
0,2019-20,LAS,Los Angeles Sparks,27,22,12,0.6471,21,13,2.82,-0.14,2.68,101.6,98,3.6,78.5,0.209,0.297,0.522,0.482,14.9,24.6,0.175,0.46,16.5,72.3,0.215
0,2019-20,MLY,Minnesota Lynx,26.8,18,16,0.5294,21,13,2.47,-0.21,2.27,100.8,97.7,3.1,77.7,0.23,0.261,0.531,0.495,17.1,27.9,0.18,0.484,17.8,75.9,0.185
0,2019-20,CSK,Chicago Sky,27.1,20,14,0.5882,19,15,1.29,0.19,1.49,103.3,101.7,1.6,81.6,0.255,0.309,0.543,0.5,15.6,24.3,0.209,0.462,13.4,74.1,0.199
0,2019-20,SES,Seattle Storm,27.3,18,16,0.5294,17,17,-0.29,0.09,-0.21,98.7,99.1,-0.4,75.7,0.23,0.319,0.513,0.474,16.7,26.6,0.182,0.49,17.3,74,0.175
0,2019-20,PHM,Phoenix Mercury,30.3,15,19,0.4412,15,19,-1.12,-0.05,-1.17,100.5,101.9,-1.4,75.8,0.286,0.314,0.529,0.475,14.5,19.8,0.242,0.47,13.6,71.6,0.16
0,2019-20,INF,Indiana Fever,26,13,21,0.3824,13,21,-2.71,0.04,-2.67,100.5,104,-3.5,76.7,0.254,0.244,0.508,0.464,14.4,26.5,0.202,0.473,13.7,72.7,0.205
0,2019-20,DAW,Dallas Wings,24.4,10,24,0.2941,9,25,-5.79,0.44,-5.36,96.7,104.6,-7.9,74,0.249,0.292,0.484,0.436,14.6,29.4,0.202,0.478,15.5,73.7,0.26
0,2019-20,NYL,New York Liberty,26.5,10,24,0.2941,7,27,-7.32,0.52,-6.8,97.4,106.6,-9.2,79.5,0.246,0.282,0.504,0.461,16,25.6,0.193,0.491,13.8,73.2,0.242
0,2019-20,ATD,Atlanta Dream,27.1,8,26,0.2353,7,27,-7.65,0.69,-6.96,91.6,101.4,-9.8,77.4,0.26,0.318,0.462,0.417,15,25.7,0.196,0.463,14,70.6,0.195
1,2020-21,SES,Seattle Storm,27.8,18,4,0.8182,19,3,11.55,-0.96,10.58,110.4,95.9,14.5,79.2,0.278,0.315,0.575,0.532,14.8,23.4,0.227,0.454,16.7,74,0.202
0,2020-21,LVA,Las Vegas Aces,27.1,18,4,0.8182,18,4,8.59,-0.72,7.88,109.6,99,10.6,81,0.34,0.167,0.562,0.507,13.4,24.6,0.277,0.485,14.9,78.9,0.157
0,2020-21,LAS,Los Angeles Sparks,28.6,15,7,0.6818,15,7,4.59,-0.38,4.21,105.9,100.2,5.7,79.2,0.251,0.271,0.571,0.535,15.8,19.5,0.199,0.511,18.9,76,0.204
0,2020-21,MLY,Minnesota Lynx,24.8,14,8,0.6364,14,8,3.82,-0.32,3.5,109.6,104.6,5,77,0.273,0.321,0.562,0.518,15.9,30.4,0.223,0.505,16.3,75.1,0.217
0,2020-21,CSK,Chicago Sky,27.2,12,10,0.5455,13,9,2.64,-0.22,2.42,107.6,104.3,3.3,80.7,0.218,0.317,0.58,0.547,16.6,23.3,0.178,0.503,15,76.4,0.205
0,2020-21,PHM,Phoenix Mercury,28,13,9,0.5909,13,9,2,-0.17,1.83,106.8,104.3,2.5,80.2,0.314,0.366,0.564,0.513,15.5,22.2,0.259,0.477,14.2,73.1,0.233
0,2020-21,COS,Connecticut Sun,27.5,10,12,0.4545,11,11,0.45,-0.04,0.42,101.7,101.1,0.6,78.6,0.288,0.273,0.513,0.469,14.5,27.8,0.217,0.495,16.9,78.4,0.238
0,2020-21,WAM,Washington Mystics,27.1,9,13,0.4091,10,12,-1.55,0.13,-1.42,103.5,105.5,-2,76.4,0.22,0.356,0.532,0.493,13.9,21.2,0.181,0.524,16.4,76.1,0.217
0,2020-21,DAW,Dallas Wings,23.8,8,14,0.3636,8,14,-3.55,0.3,-3.25,105.9,110.4,-4.5,77.8,0.27,0.389,0.525,0.478,12.1,24.4,0.22,0.521,15.1,73.4,0.257
0,2020-21,ATD,Atlanta Dream,25.8,7,15,0.3182,5,17,-6.68,0.56,-6.13,100.1,108.4,-8.3,80,0.227,0.237,0.518,0.484,15.5,25.3,0.172,0.513,14.1,75.7,0.231
0,2020-21,INF,Indiana Fever,25.5,6,16,0.2727,5,17,-7.86,0.66,-7.21,104,114,-10,78.5,0.29,0.3,0.543,0.493,16.6,26.9,0.238,0.521,11.8,74.7,0.252
0,2020-21,NYL,New York Liberty,24.3,2,20,0.0909,2,20,-14,1.17,-12.83,88.6,105.9,-17.3,81.1,0.28,0.415,0.485,0.43,18.5,21.6,0.23,0.491,12.9,77.5,0.208
1,2021-22,COS,Connecticut Sun,28.3,26,6,0.8125,28,4,9.81,-0.95,8.86,106.9,93.7,13.2,74,0.27,0.298,0.543,0.497,15.9,31.2,0.22,0.459,16.1,82.1,0.201
0,2021-22,LVA,Las Vegas Aces,26.4,24,8,0.7500,26,6,9.06,-0.62,8.44,109.1,98,11.1,80.8,0.312,0.192,0.559,0.508,12.6,21.3,0.255,0.464,12.5,80,0.165
0,2021-22,SES,Seattle Storm,28.1,21,11,0.6563,22,10,4.44,-0.63,3.8,106.3,100.7,5.6,78.2,0.246,0.328,0.556,0.512,13.9,20.9,0.206,0.483,14.4,78.6,0.18
0,2021-22,MLY,Minnesota Lynx,27.6,22,10,0.6875,21,11,4,-0.37,3.63,104.2,99.1,5.1,78.7,0.26,0.296,0.553,0.508,15.8,22.3,0.218,0.476,14.6,79.7,0.194
0,2021-22,PHM,Phoenix Mercury,28.4,19,13,0.5938,19,13,2.56,-0.12,2.45,106.5,103.2,3.3,76.4,0.295,0.332,0.553,0.507,14.7,23.8,0.235,0.466,11.3,75.1,0.167
0,2021-22,CSK,Chicago Sky,28.4,16,16,0.5000,18,14,1.31,-0.22,1.1,102.9,101.3,1.6,79.6,0.243,0.304,0.538,0.493,15.1,23.8,0.205,0.48,15.9,73.9,0.212
0,2021-22,DAW,Dallas Wings,24.8,14,18,0.4375,15,17,-0.53,0.3,-0.23,104.3,105,-0.7,77.2,0.233,0.327,0.521,0.477,14.1,27.8,0.193,0.505,14.1,77.6,0.206
0,2021-22,WAM,Washington Mystics,28.7,12,20,0.3750,11,21,-3.84,0.26,-3.58,101.5,106.4,-4.9,78.3,0.251,0.396,0.519,0.475,13.7,21.9,0.203,0.52,15.3,76.4,0.208
0,2021-22,LAS,Los Angeles Sparks,27.5,12,20,0.3750,10,22,-4.34,0.55,-3.79,93.7,99.3,-5.6,77.1,0.237,0.306,0.501,0.462,15.4,17.4,0.181,0.476,19.2,71.4,0.267
0,2021-22,ATD,Atlanta Dream,27.4,8,24,0.2500,9,23,-5.63,0.24,-5.38,99.3,106.4,-7.1,78.6,0.214,0.269,0.489,0.459,12.1,24.6,0.154,0.52,16.8,73.7,0.234
0,2021-22,NYL,New York Liberty,25.7,12,20,0.3750,7,25,-7.03,0.71,-6.32,97,105.7,-8.7,80.6,0.222,0.42,0.541,0.504,18.2,18.4,0.181,0.488,13.2,75.2,0.203
0,2021-22,INF,Indiana Fever,27.3,6,26,0.1875,5,27,-9.81,0.85,-8.97,97.4,110.1,-12.7,77.3,0.249,0.253,0.498,0.453,15.4,27.4,0.199,0.517,13.6,75.6,0.222
,,,,,,,,,,,,,,,,,,,,,,,,,,,
,,,,,,,,,,,,,,,,,,,,,,,,,,,
,,,,,,,,,,,,,,,,,,,,,,,,,,,
,,,,,,,,,,,,,,,,,,,,,,,,,,,
,,,,,,,,,,,,,,,,,,,,,,,,,,,
,,,,,,,,,,,,,,,,,,,,,,,,,,,
,,,,,,,,,,,,,,,,,,,,,,,,,,,
,,,,,,,,,,,,,,,,,,,,,,,,,,,
,,,,,,,,,,,,,,,,,,,,,,,,,,,
,,,,,,,,,,,,,,,,,,,,,,,,,,,
,,,,,,,,,,,,,,,,,,,,,,,,,,,
,,,,,,,,,,,,,,,,,,,,,,,,,,,
,,,,,,,,,,,,,,,,,,,,,,,,,,,
,,,,,,,,,,,,,,,,,,,,,,,,,,,
,,,,,,,,,,,,,,,,,,,,,,,,,,,
,,,,,,,,,,,,,,,,,,,,,,,,,,,
,,,,,,,,,,,,,,,,,,,,,,,,,,,
,,,,,,,,,,,,,,,,,,,,,,,,,,,
,,,,,,,,,,,,,,,,,,,,,,,,,,,
,,,,,,,,,,,,,,,,,,,,,,,,,,,
,,,,,,,,,,,,,,,,,,,,,,,,,,,
,,,,,,,,,,,,,,,,,,,,,,,,,,,
,,,,,,,,,,,,,,,,,,,,,,,,,,,
,,,,,,,,,,,,,,,,,,,,,,,,,,,
,,,,,,,,,,,,,,,,,,,,,,,,,,,
,,,,,,,,,,,,,,,,,,,,,,,,,,,
,,,,,,,,,,,,,,,,,,,,,,,,,,,
,,,,,,,,,,,,,,,,,,,,,,,,,,,
